{
  "audio": {
    "channelMode": 5
  },
  "bands": {
    "bassSensitivity": 0.5,
    "midSensitivity": 0.5,
    "trebSensitivity": 0.5
  },
  "effects": {
    "baseBlurScale": 4,
    "beatBlurScale": 5,
    "chromaticMaxOffset": 50,
    "feedbackDesaturate": 0.04509803652763367,
    "feedbackRotation": 0.0015686284750699997,
    "feedbackZoom": 0.9921568632125854,
    "halfLife": 2.0,
    "kaleidoSegments": 1,
    "physarum": {
      "accumSenseBlend": 0.7450980544090271,
      "agentCount": 1000000,
      "boostIntensity": 2.0,
      "color": {
        "mode": 1,
        "rainbowHue": 0.0,
        "rainbowRange": 360.0,
        "rainbowSat": 1.0,
        "rainbowVal": 1.0,
        "solid": {
          "a": 255,
          "b": 255,
          "g": 255,
          "r": 255
        }
      },
      "debugOverlay": false,
      "decayHalfLife": 0.10000000149011612,
      "depositAmount": 0.5481372475624084,
      "diffusionScale": 4,
      "enabled": true,
      "sensorAngle": 0.6772549152374268,
      "sensorDistance": 20.41176414489746,
      "stepSize": 16.75,
      "turningAngle": 0.5541176795959473
    },
    "rotationLFO": {
      "enabled": false,
      "rate": 0.10000000149011612,
      "waveform": 0
    },
    "voronoiEdgeWidth": 0.10000000149011612,
    "voronoiIntensity": 0.09803921729326248,
    "voronoiScale": 5.0,
    "voronoiSpeed": 2.0,
    "warpLacunarity": 3.0,
    "warpOctaves": 5,
    "warpScale": 3.4215686321258545,
    "warpSpeed": 0.10000000149011612,
    "warpStrength": 0.0058823530562222
  },
  "name": "ADOREU",
  "spectrum": {
    "barHeight": 0.25,
    "barWidth": 0.800000011920929,
    "color": {
      "mode": 0,
      "rainbowHue": 0.0,
      "rainbowRange": 360.0,
      "rainbowSat": 1.0,
      "rainbowVal": 1.0,
      "solid": {
        "a": 255,
        "b": 255,
        "g": 255,
        "r": 255
      }
    },
    "enabled": false,
    "innerRadius": 0.15000000596046448,
    "maxDb": 50.0,
    "minDb": 10.0,
    "rotationOffset": 0.0,
    "rotationSpeed": 0.0,
    "smoothing": 0.800000011920929
  },
  "waveformCount": 3,
  "waveforms": [
    {
      "amplitudeScale": 0.5,
      "color": {
        "mode": 1,
        "rainbowHue": 0.0,
        "rainbowRange": 360.0,
        "rainbowSat": 1.0,
        "rainbowVal": 1.0,
        "solid": {
          "a": 255,
          "b": 255,
          "g": 255,
          "r": 255
        }
      },
      "radius": 0.44999998807907104,
      "rotationOffset": 0.0,
      "rotationSpeed": -0.014705881476402283,
      "smoothness": 0.0,
      "thickness": 3
    },
    {
      "amplitudeScale": 0.5,
      "color": {
        "mode": 0,
        "rainbowHue": 0.0,
        "rainbowRange": 360.0,
        "rainbowSat": 1.0,
        "rainbowVal": 1.0,
        "solid": {
          "a": 255,
          "b": 246,
          "g": 246,
          "r": 246
        }
      },
      "radius": 0.2813725471496582,
      "rotationOffset": 0.0,
      "rotationSpeed": 0.05000000074505806,
      "smoothness": 4.901960849761963,
      "thickness": 2
    },
    {
      "amplitudeScale": 0.5,
      "color": {
        "mode": 1,
        "rainbowHue": 0.0,
        "rainbowRange": 360.0,
        "rainbowSat": 1.0,
        "rainbowVal": 1.0,
        "solid": {
          "a": 255,
          "b": 48,
          "g": 228,
          "r": 0
        }
      },
      "radius": 0.44999998807907104,
      "rotationOffset": 0.0,
      "rotationSpeed": -0.05000000074505806,
      "smoothness": 0.0,
      "thickness": 1
    }
  ]
}