{
  "audio": {
    "channelMode": 5
  },
  "effects": {
    "baseBlurScale": 4,
    "beatBlurScale": 5,
    "beatSensitivity": 1.0,
    "chromaticMaxOffset": 25,
    "halfLife": 2.0
  },
  "name": "DELILAH",
  "waveformCount": 2,
  "waveforms": [
    {
      "amplitudeScale": 0.5,
      "color": {
        "mode": 1,
        "solid": {
          "a": 255,
          "b": 255,
          "g": 255,
          "r": 255
        },
        "rainbowHue": 214.46807861328125,
        "rainbowRange": 84.25534057617188,
        "rainbowSat": 1.0,
        "rainbowVal": 1.0
      },
      "radius": 0.3441176414489746,
      "rotationOffset": 0.0,
      "rotationSpeed": -0.014705881476402283,
      "smoothness": 1.9607843160629272,
      "thickness": 2
    },
    {
      "amplitudeScale": 0.28823527693748474,
      "color": {
        "mode": 1,
        "solid": {
          "a": 255,
          "b": 55,
          "g": 41,
          "r": 230
        },
        "rainbowHue": 183.8297882080078,
        "rainbowRange": 88.08512878417969,
        "rainbowSat": 1.0,
        "rainbowVal": 1.0
      },
      "radius": 0.2617647051811218,
      "rotationOffset": 0.0,
      "rotationSpeed": 0.014705877751111984,
      "smoothness": 0.0,
      "thickness": 1
    }
  ]
}
