{
  "audio": {
    "channelMode": 5
  },
  "effects": {
    "baseBlurScale": 4,
    "beatBlurScale": 5,
    "beatSensitivity": 1.0,
    "chromaticMaxOffset": 25,
    "halfLife": 2.0
  },
  "name": "EASIER",
  "spectrum": {
    "barHeight": 0.10000000149011612,
    "barWidth": 0.30000001192092896,
    "color": {
      "mode": 1,
      "rainbowHue": 0.0,
      "rainbowRange": 360.0,
      "rainbowSat": 1.0,
      "rainbowVal": 1.0,
      "solid": {
        "a": 255,
        "b": 255,
        "g": 255,
        "r": 255
      }
    },
    "enabled": true,
    "innerRadius": 0.23529410362243652,
    "maxDb": 20.0,
    "minDb": 0.0,
    "rotationOffset": 0.0,
    "rotationSpeed": -0.05000000074505806,
    "smoothing": 0.949999988079071
  },
  "waveformCount": 2,
  "waveforms": [
    {
      "amplitudeScale": 0.5,
      "color": {
        "mode": 1,
        "rainbowHue": 0.0,
        "rainbowRange": 80.42552947998047,
        "rainbowSat": 1.0,
        "rainbowVal": 1.0,
        "solid": {
          "a": 255,
          "b": 255,
          "g": 255,
          "r": 255
        }
      },
      "radius": 0.3441176414489746,
      "rotationOffset": 0.0,
      "rotationSpeed": -0.014705881476402283,
      "smoothness": 0.0,
      "thickness": 1
    },
    {
      "amplitudeScale": 0.28823527693748474,
      "color": {
        "mode": 1,
        "rainbowHue": 298.7234191894531,
        "rainbowRange": 61.276580810546875,
        "rainbowSat": 0.6666666865348816,
        "rainbowVal": 1.0,
        "solid": {
          "a": 255,
          "b": 55,
          "g": 41,
          "r": 230
        }
      },
      "radius": 0.1715686172246933,
      "rotationOffset": 0.0,
      "rotationSpeed": 0.014705877751111984,
      "smoothness": 0.0,
      "thickness": 1
    }
  ]
}