{
  "audio": {
    "channelMode": 5
  },
  "drawableCount": 1,
  "drawables": [
    {
      "base": {
        "color": {
          "mode": 0,
          "solid": {
            "a": 255,
            "b": 255,
            "g": 255,
            "r": 255
          }
        },
        "drawInterval": 0,
        "enabled": true,
        "opacity": 1.0,
        "rotationAngle": 0.0,
        "rotationSpeed": 0.0,
        "x": 0.5,
        "y": 0.5
      },
      "id": 1,
      "path": 1,
      "type": 0,
      "waveform": {
        "amplitudeScale": 0.5,
        "radius": 0.5,
        "smoothness": 100.0,
        "thickness": 5.0,
        "waveformMotionScale": 0.30000001192092896
      }
    }
  ],
  "effects": {
    "blurScale": 0.0,
    "chromaticOffset": 0.0,
    "clarity": 0.0,
    "feedbackDesaturate": 0.019999999552965164,
    "feedbackFlow": {
      "flowAngle": 0.0,
      "scale": 1.0,
      "strength": 0.0,
      "threshold": 0.0010000000474974513
    },
    "flowField": {
      "cx": 0.5,
      "cy": 0.5,
      "dxAngular": 0.0,
      "dxAngularFreq": 2,
      "dxBase": 0.0,
      "dxRadial": 0.0,
      "dyAngular": 0.0,
      "dyAngularFreq": 2,
      "dyBase": 0.0,
      "dyRadial": 0.0,
      "rotAngular": -0.0,
      "rotAngularFreq": 2,
      "rotationSpeed": 3.141592502593994,
      "rotationSpeedRadial": -3.141592502593994,
      "sx": 1.0,
      "sy": 1.0,
      "zoomAngular": 0.0,
      "zoomAngularFreq": 2,
      "zoomBase": 0.9800000190734863,
      "zoomRadial": 0.019999999552965164
    },
    "gamma": 1.0,
    "halfLife": 2.0,
    "mobius": {
      "speed": 3.141592502593994,
      "enabled": true,
      "point1X": 0.30000001192092896,
      "point1Y": 0.5,
      "point2X": 0.699999988079071,
      "point2Y": 0.5,
      "pointAmplitude": 0.30000001192092896,
      "pointFreq1": 0.05000000074505806,
      "pointFreq2": 0.05000000074505806,
      "spiralTightness": 0.800000011920929,
      "zoomFactor": 0.7699999809265137
    },
    "motionScale": 0.07999999821186066,
    "proceduralWarp": {
      "warp": 0.0,
      "warpScale": 1.0,
      "warpSpeed": 1.0
    },
    "transformOrder": [
      "Mobius"
    ]
  },
  "lfos": [
    {
      "enabled": false,
      "rate": 0.10000000149011612,
      "waveform": 0
    },
    {
      "enabled": false,
      "rate": 0.10000000149011612,
      "waveform": 0
    },
    {
      "enabled": false,
      "rate": 0.10000000149011612,
      "waveform": 0
    },
    {
      "enabled": false,
      "rate": 0.10000000149011612,
      "waveform": 0
    },
    {
      "enabled": false,
      "rate": 0.10000000149011612,
      "waveform": 0
    },
    {
      "enabled": false,
      "rate": 0.10000000149011612,
      "waveform": 0
    },
    {
      "enabled": false,
      "rate": 0.10000000149011612,
      "waveform": 0
    },
    {
      "enabled": false,
      "rate": 0.10000000149011612,
      "waveform": 0
    }
  ],
  "modulation": {
    "routes": []
  },
  "name": "FLOWBIUS"
}