{
  "audio": {
    "channelMode": 5
  },
  "bands": {
    "bassSensitivity": 0.5,
    "midSensitivity": 0.5,
    "trebSensitivity": 0.5
  },
  "effects": {
    "baseBlurScale": 4,
    "beatBlurScale": 5,
    "chromaticMaxOffset": 50,
    "feedbackDesaturate": 0.07058823853731155,
    "feedbackRotation": 0.004999999888241291,
    "feedbackZoom": 0.9800000190734863,
    "halfLife": 2.0,
    "kaleidoSegments": 1,
    "physarum": {
      "agentCount": 1000000,
      "boostIntensity": 1.0,
      "color": {
        "mode": 1,
        "rainbowHue": 183.8297882080078,
        "rainbowRange": 88.08512878417969,
        "rainbowSat": 1.0,
        "rainbowVal": 1.0,
        "solid": {
          "a": 255,
          "b": 255,
          "g": 255,
          "r": 255
        }
      },
      "debugOverlay": false,
      "decayHalfLife": 0.10000000149011612,
      "depositAmount": 5.0,
      "diffusionScale": 1,
      "enabled": true,
      "sensorAngle": 2.955294132232666,
      "sensorDistance": 46.617645263671875,
      "stepSize": 7.935294151306152,
      "turningAngle": 3.201568603515625
    },
    "rotationLFO": {
      "enabled": false,
      "rate": 0.10000000149011612,
      "waveform": 0
    },
    "voronoiEdgeWidth": 0.10000000149011612,
    "voronoiIntensity": 0.19607843458652496,
    "voronoiScale": 50.0,
    "voronoiSpeed": 2.0
  },
  "name": "ICEY",
  "spectrum": {
    "barHeight": 0.25,
    "barWidth": 0.800000011920929,
    "color": {
      "mode": 0,
      "rainbowHue": 0.0,
      "rainbowRange": 360.0,
      "rainbowSat": 1.0,
      "rainbowVal": 1.0,
      "solid": {
        "a": 255,
        "b": 255,
        "g": 255,
        "r": 255
      }
    },
    "enabled": false,
    "innerRadius": 0.15000000596046448,
    "maxDb": 50.0,
    "minDb": 10.0,
    "rotationOffset": 0.0,
    "rotationSpeed": 0.0,
    "smoothing": 0.800000011920929
  },
  "waveformCount": 3,
  "waveforms": [
    {
      "amplitudeScale": 0.5,
      "color": {
        "mode": 1,
        "rainbowHue": 157.0212860107422,
        "rainbowRange": 91.91487121582031,
        "rainbowSat": 1.0,
        "rainbowVal": 1.0,
        "solid": {
          "a": 255,
          "b": 255,
          "g": 255,
          "r": 255
        }
      },
      "radius": 0.44999998807907104,
      "rotationOffset": 0.0,
      "rotationSpeed": -0.05000000074505806,
      "smoothness": 0.0,
      "thickness": 2
    },
    {
      "amplitudeScale": 0.10294117033481598,
      "color": {
        "mode": 0,
        "rainbowHue": 0.0,
        "rainbowRange": 360.0,
        "rainbowSat": 1.0,
        "rainbowVal": 1.0,
        "solid": {
          "a": 27,
          "b": 197,
          "g": 113,
          "r": 124
        }
      },
      "radius": 0.10882352292537689,
      "rotationOffset": 0.0,
      "rotationSpeed": 0.0,
      "smoothness": 0.0,
      "thickness": 5
    },
    {
      "amplitudeScale": 0.5,
      "color": {
        "mode": 0,
        "rainbowHue": 0.0,
        "rainbowRange": 360.0,
        "rainbowSat": 1.0,
        "rainbowVal": 1.0,
        "solid": {
          "a": 5,
          "b": 12,
          "g": 2,
          "r": 0
        }
      },
      "radius": 0.44999998807907104,
      "rotationOffset": 0.0,
      "rotationSpeed": 0.05000000074505806,
      "smoothness": 0.0,
      "thickness": 25
    }
  ]
}