{
  "audio": {
    "channelMode": 5
  },
  "drawableCount": 3,
  "drawables": [
    {
      "base": {
        "color": {
          "mode": 1,
          "rainbowHue": 157.0212860107422,
          "rainbowRange": 91.91487121582031,
          "rainbowSat": 1.0,
          "rainbowVal": 1.0
        },
        "drawInterval": 0,
        "enabled": true,
        "opacity": 1.0,
        "rotationOffset": 0.0,
        "rotationSpeed": -0.05000000074505806,
        "x": 0.5,
        "y": 0.5
      },
      "id": 1,
      "path": 0,
      "type": 0,
      "waveform": {
        "amplitudeScale": 0.5,
        "radius": 0.44999998807907104,
        "smoothness": 0.0,
        "thickness": 2
      }
    },
    {
      "base": {
        "color": {
          "mode": 0,
          "solid": {
            "a": 255,
            "b": 13,
            "g": 115,
            "r": 255
          }
        },
        "drawInterval": 0,
        "enabled": true,
        "opacity": 1.0,
        "rotationOffset": 0.0,
        "rotationSpeed": 0.009948376566171646,
        "x": 0.33000001311302185,
        "y": 0.5
      },
      "id": 2,
      "path": 1,
      "shape": {
        "sides": 3,
        "size": 0.25,
        "texAngle": 0.0,
        "texBrightness": 0.8999999761581421,
        "texZoom": 1.0140000581741333,
        "textured": true
      },
      "type": 2
    },
    {
      "base": {
        "color": {
          "mode": 0,
          "solid": {
            "a": 255,
            "b": 13,
            "g": 115,
            "r": 255
          }
        },
        "drawInterval": 0,
        "enabled": true,
        "opacity": 1.0,
        "rotationOffset": 0.0,
        "rotationSpeed": -0.009424778632819653,
        "x": 0.6600000262260437,
        "y": 0.5
      },
      "id": 3,
      "path": 1,
      "shape": {
        "sides": 3,
        "size": 0.25099998712539673,
        "texAngle": -0.0,
        "texBrightness": 0.8999999761581421,
        "texZoom": 1.0049999952316284,
        "textured": true
      },
      "type": 2
    }
  ],
  "effects": {
    "blurScale": 5.0,
    "chromaticOffset": 0.0,
    "clarity": 0.0,
    "feedbackDesaturate": 0.10000000149011612,
    "flowField": {
      "dxBase": 0.0,
      "dxRadial": 0.0,
      "dyBase": 0.0,
      "dyRadial": 0.0,
      "rotBase": 0.0024999999441206455,
      "rotRadial": 0.0,
      "zoomBase": 0.9950000047683716,
      "zoomRadial": 0.010099999606609344
    },
    "gamma": 0.75,
    "halfLife": 2.0,
    "infiniteZoom": {
      "enabled": true,
      "focalAmplitude": 0.07000000029802322,
      "focalFreqX": 1.0,
      "focalFreqY": 1.5,
      "layers": 4,
      "speed": 1.0,
      "spiralTurns": 0.05000000074505806,
      "spiralTwist": 0.0,
      "zoomDepth": 2.0
    },
    "physarum": {
      "accumSenseBlend": 0.5,
      "agentCount": 1000000,
      "blendMode": 1,
      "boostIntensity": 5.0,
      "color": {
        "mode": 1,
        "rainbowHue": 180.90452575683594,
        "rainbowRange": 88.64320373535156,
        "rainbowSat": 1.0,
        "rainbowVal": 1.0
      },
      "decayHalfLife": 0.10000000149011612,
      "depositAmount": 5.0,
      "diffusionScale": 1,
      "enabled": true,
      "sensorAngle": 1.5199999809265137,
      "sensorDistance": 5.0,
      "stepSize": 5.0,
      "turningAngle": 1.3600000143051147
    },
    "transformOrder": [
      0,
      1,
      2,
      3,
      4,
      5,
      6
    ]
  },
  "lfos": [
    {
      "enabled": false,
      "rate": 0.10000000149011612,
      "waveform": 0
    },
    {
      "enabled": false,
      "rate": 0.10000000149011612,
      "waveform": 0
    },
    {
      "enabled": false,
      "rate": 0.10000000149011612,
      "waveform": 0
    },
    {
      "enabled": false,
      "rate": 0.10000000149011612,
      "waveform": 0
    }
  ],
  "modulation": {
    "routes": [
      {
        "amount": 0.5,
        "curve": 0,
        "paramId": "physarum.sensorDistance",
        "source": 0
      },
      {
        "amount": -0.5,
        "curve": 0,
        "paramId": "flowField.zoomRadial",
        "source": 0
      },
      {
        "amount": 0.10000000149011612,
        "curve": 0,
        "paramId": "physarum.stepSize",
        "source": 2
      },
      {
        "amount": 1.0,
        "curve": 0,
        "paramId": "effects.chromaticOffset",
        "source": 3
      }
    ]
  },
  "name": "ICEY"
}