{
  "audio": {
    "channelMode": 5
  },
  "bands": {
    "bassSensitivity": 0.25,
    "midSensitivity": 0.25,
    "trebSensitivity": 0.25
  },
  "effects": {
    "baseBlurScale": 4,
    "beatBlurScale": 5,
    "chromaticMaxOffset": 50,
    "feedbackDesaturate": 0.09803921729326248,
    "feedbackRotation": 0.004999999888241291,
    "feedbackZoom": 0.9800000190734863,
    "halfLife": 2.0,
    "kaleidoSegments": 1,
    "physarum": {
      "accumSenseBlend": 1.0,
      "agentCount": 1000000,
      "boostIntensity": 5.0,
      "color": {
        "mode": 1,
        "rainbowHue": 183.8297882080078,
        "rainbowRange": 65.10636901855469,
        "rainbowSat": 1.0,
        "rainbowVal": 1.0,
        "solid": {
          "a": 255,
          "b": 255,
          "g": 255,
          "r": 255
        }
      },
      "debugOverlay": false,
      "decayHalfLife": 0.10000000149011612,
      "depositAmount": 5.0,
      "diffusionScale": 1,
      "enabled": true,
      "sensorAngle": 0.9300000071525574,
      "sensorDistance": 15.961000442504883,
      "stepSize": 6.52400016784668,
      "turningAngle": 3.2899999618530273
    },
    "rotationLFO": {
      "enabled": false,
      "rate": 0.10000000149011612,
      "waveform": 0
    },
    "voronoiEdgeWidth": 0.10000000149011612,
    "voronoiIntensity": 0.14705882966518402,
    "voronoiScale": 50.0,
    "voronoiSpeed": 2.0,
    "warpLacunarity": 2.0,
    "warpOctaves": 3,
    "warpScale": 5.0,
    "warpSpeed": 0.5,
    "warpStrength": 0.0
  },
  "name": "ICEY",
  "spectrum": {
    "barHeight": 0.25,
    "barWidth": 0.800000011920929,
    "color": {
      "mode": 0,
      "rainbowHue": 0.0,
      "rainbowRange": 360.0,
      "rainbowSat": 1.0,
      "rainbowVal": 1.0,
      "solid": {
        "a": 255,
        "b": 255,
        "g": 255,
        "r": 255
      }
    },
    "enabled": false,
    "innerRadius": 0.15000000596046448,
    "maxDb": 50.0,
    "minDb": 10.0,
    "rotationOffset": 0.0,
    "rotationSpeed": 0.0,
    "smoothing": 0.800000011920929
  },
  "waveformCount": 3,
  "waveforms": [
    {
      "amplitudeScale": 0.5,
      "color": {
        "mode": 1,
        "rainbowHue": 157.0212860107422,
        "rainbowRange": 91.91487121582031,
        "rainbowSat": 1.0,
        "rainbowVal": 1.0,
        "solid": {
          "a": 255,
          "b": 255,
          "g": 255,
          "r": 255
        }
      },
      "radius": 0.44999998807907104,
      "rotationOffset": 0.0,
      "rotationSpeed": -0.05000000074505806,
      "smoothness": 0.0,
      "thickness": 2
    },
    {
      "amplitudeScale": 0.10294117033481598,
      "color": {
        "mode": 0,
        "rainbowHue": 0.0,
        "rainbowRange": 360.0,
        "rainbowSat": 1.0,
        "rainbowVal": 1.0,
        "solid": {
          "a": 27,
          "b": 197,
          "g": 113,
          "r": 124
        }
      },
      "radius": 0.10882352292537689,
      "rotationOffset": 0.0,
      "rotationSpeed": 0.0,
      "smoothness": 0.0,
      "thickness": 5
    },
    {
      "amplitudeScale": 0.5,
      "color": {
        "mode": 0,
        "rainbowHue": 0.0,
        "rainbowRange": 360.0,
        "rainbowSat": 1.0,
        "rainbowVal": 1.0,
        "solid": {
          "a": 5,
          "b": 12,
          "g": 2,
          "r": 0
        }
      },
      "radius": 0.44999998807907104,
      "rotationOffset": 0.0,
      "rotationSpeed": 0.05000000074505806,
      "smoothness": 0.0,
      "thickness": 25
    }
  ]
}