{
  "audio": {
    "channelMode": 3
  },
  "bands": {
    "bassSensitivity": 0.5,
    "midSensitivity": 0.5,
    "trebSensitivity": 0.5
  },
  "effects": {
    "baseBlurScale": 1,
    "beatBlurScale": 5,
    "chromaticMaxOffset": 25,
    "feedbackDesaturate": 0.05000000074505806,
    "feedbackRotation": 0.009215686470270157,
    "feedbackZoom": 0.9872549176216125,
    "halfLife": 2.0,
    "kaleidoSegments": 1,
    "physarum": {
      "agentCount": 100000,
      "boostIntensity": 0.0,
      "color": {
        "mode": 0,
        "rainbowHue": 0.0,
        "rainbowRange": 360.0,
        "rainbowSat": 1.0,
        "rainbowVal": 1.0,
        "solid": {
          "a": 255,
          "b": 255,
          "g": 255,
          "r": 255
        }
      },
      "debugOverlay": false,
      "decayHalfLife": 0.5,
      "depositAmount": 0.05000000074505806,
      "diffusionScale": 1,
      "enabled": false,
      "sensorAngle": 0.5,
      "sensorDistance": 20.0,
      "stepSize": 1.5,
      "turningAngle": 0.30000001192092896
    },
    "rotationLFO": {
      "enabled": true,
      "rate": 0.009999999776482582,
      "waveform": 0
    },
    "voronoiEdgeWidth": 0.10000000149011612,
    "voronoiIntensity": 0.1568627506494522,
    "voronoiScale": 28.382352828979492,
    "voronoiSpeed": 1.1058824062347412
  },
  "name": "SOLO",
  "spectrum": {
    "barHeight": 0.5,
    "barWidth": 0.30000001192092896,
    "color": {
      "mode": 1,
      "rainbowHue": 202.9787139892578,
      "rainbowRange": 157.0212860107422,
      "rainbowSat": 1.0,
      "rainbowVal": 1.0,
      "solid": {
        "a": 255,
        "b": 255,
        "g": 255,
        "r": 255
      }
    },
    "enabled": true,
    "innerRadius": 0.19411763548851013,
    "maxDb": 60.0,
    "minDb": 0.0,
    "rotationOffset": 0.0,
    "rotationSpeed": 0.05000000074505806,
    "smoothing": 0.0
  },
  "waveformCount": 1,
  "waveforms": [
    {
      "amplitudeScale": 0.5,
      "color": {
        "mode": 1,
        "rainbowHue": 256.5957336425781,
        "rainbowRange": 91.9149169921875,
        "rainbowSat": 1.0,
        "rainbowVal": 1.0,
        "solid": {
          "a": 255,
          "b": 255,
          "g": 255,
          "r": 255
        }
      },
      "radius": 0.44999998807907104,
      "rotationOffset": 0.0,
      "rotationSpeed": -0.05000000074505806,
      "smoothness": 100.0,
      "thickness": 25
    }
  ]
}