{
  "audio": {
    "channelMode": 3
  },
  "drawableCount": 2,
  "drawables": [
    {
      "base": {
        "color": {
          "mode": 1,
          "rainbowHue": 256.5957336425781,
          "rainbowRange": 91.9149169921875,
          "rainbowSat": 1.0,
          "rainbowVal": 1.0
        },
        "drawInterval": 0,
        "enabled": true,
        "opacity": 1.0,
        "rotationAngle": 0.0,
        "rotationSpeed": -0.05000000074505806,
        "x": 0.5,
        "y": 0.5
      },
      "id": 1,
      "path": 0,
      "type": 0,
      "waveform": {
        "amplitudeScale": 0.5,
        "radius": 0.44999998807907104,
        "smoothness": 100.0,
        "thickness": 25
      }
    },
    {
      "base": {
        "color": {
          "mode": 1,
          "rainbowHue": 202.9787139892578,
          "rainbowRange": 157.0212860107422,
          "rainbowSat": 1.0,
          "rainbowVal": 1.0
        },
        "drawInterval": 0,
        "enabled": true,
        "opacity": 1.0,
        "rotationAngle": 0.0,
        "rotationSpeed": 0.05000000074505806,
        "x": 0.5,
        "y": 0.5
      },
      "id": 2,
      "path": 0,
      "spectrum": {
        "barHeight": 0.5,
        "barWidth": 0.30000001192092896,
        "innerRadius": 0.19411763548851013,
        "maxDb": 60.0,
        "minDb": 0.0,
        "smoothing": 0.0
      },
      "type": 1
    }
  ],
  "effects": {
    "blurScale": 1.0,
    "chromaticOffset": 0.0,
    "clarity": 0.0,
    "feedbackDesaturate": 0.05000000074505806,
    "flowField": {
      "dxBase": 0.0,
      "dxRadial": 0.0,
      "dyBase": 0.0,
      "dyRadial": 0.0,
      "rotationSpeed": 0.009999999776482582,
      "rotationSpeedRadial": 0.0,
      "zoomBase": 0.9968000054359436,
      "zoomRadial": -0.0
    },
    "gamma": 1.0,
    "halfLife": 2.0,
    "transformOrder": [
      0,
      1,
      2,
      3,
      4,
      5,
      6
    ],
    "voronoi": {
      "edgeFalloff": 0.30000001192092896,
      "enabled": true,
      "mode": 0,
      "scale": 28.382352828979492,
      "speed": 1.1058824062347412,
      "strength": 0.10000000149011612
    }
  },
  "lfos": [
    {
      "enabled": true,
      "rate": 0.009999999776482582,
      "waveform": 0
    },
    {
      "enabled": false,
      "rate": 0.10000000149011612,
      "waveform": 0
    },
    {
      "enabled": false,
      "rate": 0.10000000149011612,
      "waveform": 0
    },
    {
      "enabled": false,
      "rate": 0.10000000149011612,
      "waveform": 0
    }
  ],
  "modulation": {
    "routes": [
      {
        "amount": 0.004999999888241291,
        "curve": 0,
        "paramId": "flowField.rotationSpeed",
        "source": 4
      },
      {
        "amount": 0.10000000149011612,
        "curve": 0,
        "paramId": "effects.blurScale",
        "source": 0
      },
      {
        "amount": 0.10000000149011612,
        "curve": 0,
        "paramId": "feedback.rotation",
        "source": 4
      },
      {
        "amount": -0.25,
        "curve": 0,
        "paramId": "flowField.zoomBase",
        "source": 0
      },
      {
        "amount": 0.49000000953674316,
        "curve": 0,
        "paramId": "effects.chromaticOffset",
        "source": 3
      }
    ]
  },
  "name": "SOLO"
}