{
  "audio": {
    "channelMode": 5
  },
  "drawableCount": 1,
  "drawables": [
    {
      "base": {
        "color": {
          "mode": 1,
          "rainbowHue": 172.34042358398438,
          "rainbowRange": 122.55319213867188,
          "rainbowSat": 1.0,
          "rainbowVal": 1.0
        },
        "drawInterval": 0,
        "enabled": true,
        "opacity": 1.0,
        "rotationAngle": 0.0,
        "rotationSpeed": -0.05000000074505806,
        "x": 0.5,
        "y": 0.5
      },
      "id": 1,
      "path": 0,
      "type": 0,
      "waveform": {
        "amplitudeScale": 0.5,
        "radius": 0.44999998807907104,
        "smoothness": 50.98039245605469,
        "thickness": 25
      }
    }
  ],
  "effects": {
    "blurScale": 1.0,
    "chromaticOffset": 0.0,
    "clarity": 0.0,
    "curlFlow": {
      "accumSenseBlend": 0.5,
      "agentCount": 1000000,
      "blendMode": 0,
      "boostIntensity": 0.5130000114440918,
      "color": {
        "mode": 0,
        "solid": {
          "a": 255,
          "b": 255,
          "g": 255,
          "r": 255
        }
      },
      "debugOverlay": false,
      "decayHalfLife": 1.0,
      "depositAmount": 0.10000000149011612,
      "diffusionScale": 1,
      "enabled": true,
      "gradientRadius": 4.0,
      "noiseEvolution": 0.30000001192092896,
      "noiseFrequency": 0.003599999938160181,
      "stepSize": 1.0,
      "trailInfluence": 0.30000001192092896
    },
    "feedbackDesaturate": 0.054901961237192154,
    "flowField": {
      "dxBase": 0.0,
      "dxRadial": 0.0,
      "dyBase": 0.0,
      "dyRadial": 0.0,
      "rotationSpeed": -0.0,
      "rotationSpeedRadial": 0.0,
      "zoomBase": 0.9968000054359436,
      "zoomRadial": 0.0
    },
    "gamma": 1.0,
    "halfLife": 2.0,
    "physarum": {
      "accumSenseBlend": 0.5,
      "agentCount": 1000000,
      "blendMode": 1,
      "boostIntensity": 5.0,
      "color": {
        "mode": 1,
        "rainbowHue": 191.48936462402344,
        "rainbowRange": 168.51063537597656,
        "rainbowSat": 1.0,
        "rainbowVal": 1.0
      },
      "decayHalfLife": 0.10000000149011612,
      "depositAmount": 2.1625490188598633,
      "diffusionScale": 4,
      "enabled": true,
      "sensorAngle": 0.615686297416687,
      "sensorDistance": 25.264705657958984,
      "stepSize": 15.770588874816895,
      "turningAngle": 0.615686297416687
    },
    "transformOrder": [
      0,
      1,
      2,
      3,
      4,
      5,
      6,
      7,
      8,
      9,
      10,
      11,
      12,
      13,
      14,
      15,
      16
    ],
    "voronoi": {
      "centerIsoIntensity": 0.0,
      "determinantIntensity": 0.0,
      "edgeDetectIntensity": 0.0,
      "edgeFalloff": 0.30000001192092896,
      "edgeGlowIntensity": 0.0,
      "edgeIsoIntensity": 0.0,
      "enabled": true,
      "flatFillIntensity": 0.0,
      "isoFrequency": 10.0,
      "organicFlowIntensity": 0.0,
      "ratioIntensity": 0.0,
      "scale": 5.0,
      "smoothMode": false,
      "speed": 0.47254902124404907,
      "uvDistortIntensity": 0.0
    }
  },
  "lfos": [
    {
      "enabled": true,
      "rate": 0.029999999329447746,
      "waveform": 0
    },
    {
      "enabled": false,
      "rate": 0.10000000149011612,
      "waveform": 0
    },
    {
      "enabled": false,
      "rate": 0.10000000149011612,
      "waveform": 0
    },
    {
      "enabled": false,
      "rate": 0.10000000149011612,
      "waveform": 0
    }
  ],
  "modulation": {
    "routes": [
      {
        "amount": 0.0024999999441206455,
        "curve": 0,
        "paramId": "flowField.rotationSpeed",
        "source": 4
      }
    ]
  },
  "name": "STAYINNIT"
}