{
  "audio": {
    "channelMode": 5
  },
  "bands": {
    "bassSensitivity": 0.5,
    "midSensitivity": 0.5,
    "trebSensitivity": 0.5
  },
  "effects": {
    "baseBlurScale": 4,
    "beatBlurScale": 5,
    "chromaticMaxOffset": 50,
    "feedbackDesaturate": 0.027450980618596077,
    "feedbackRotation": 0.0019607841968536377,
    "feedbackZoom": 0.9911764860153198,
    "halfLife": 2.0,
    "kaleidoSegments": 1,
    "physarum": {
      "agentCount": 1000000,
      "boostIntensity": 2.0,
      "debugOverlay": false,
      "decayHalfLife": 0.10000000149011612,
      "depositAmount": 5.0,
      "diffusionScale": 4,
      "enabled": true,
      "sensorAngle": 0.8003921508789063,
      "sensorDistance": 20.0,
      "stepSize": 1.5,
      "turningAngle": 0.8003921508789063
    },
    "rotationLFO": {
      "enabled": true,
      "rate": 0.06823529303073883,
      "waveform": 0
    },
    "voronoiEdgeWidth": 0.10000000149011612,
    "voronoiIntensity": 0.04901960864663124,
    "voronoiScale": 5.0,
    "voronoiSpeed": 1.0686273574829102
  },
  "name": "STAYINNIT",
  "spectrum": {
    "barHeight": 0.25,
    "barWidth": 0.800000011920929,
    "color": {
      "mode": 0,
      "rainbowHue": 0.0,
      "rainbowRange": 360.0,
      "rainbowSat": 1.0,
      "rainbowVal": 1.0,
      "solid": {
        "a": 255,
        "b": 255,
        "g": 255,
        "r": 255
      }
    },
    "enabled": false,
    "innerRadius": 0.15000000596046448,
    "maxDb": 50.0,
    "minDb": 10.0,
    "rotationOffset": 0.0,
    "rotationSpeed": 0.0,
    "smoothing": 0.800000011920929
  },
  "waveformCount": 1,
  "waveforms": [
    {
      "amplitudeScale": 0.5,
      "color": {
        "mode": 1,
        "rainbowHue": 172.34042358398438,
        "rainbowRange": 122.55319213867188,
        "rainbowSat": 1.0,
        "rainbowVal": 1.0,
        "solid": {
          "a": 255,
          "b": 255,
          "g": 255,
          "r": 255
        }
      },
      "radius": 0.44999998807907104,
      "rotationOffset": 0.0,
      "rotationSpeed": -0.05000000074505806,
      "smoothness": 50.98039245605469,
      "thickness": 25
    }
  ]
}