{
  "audio": {
    "channelMode": 5
  },
  "bands": {
    "bassSensitivity": 0.25,
    "midSensitivity": 0.25,
    "trebSensitivity": 0.25
  },
  "effects": {
    "baseBlurScale": 4,
    "beatBlurScale": 5,
    "chromaticMaxOffset": 50,
    "feedbackDesaturate": 0.1039215698838234,
    "feedbackRotation": 0.0015686274273321033,
    "feedbackZoom": 0.9931372404098511,
    "halfLife": 2.0,
    "kaleidoSegments": 1,
    "physarum": {
      "accumSenseBlend": 0.5,
      "agentCount": 1000000,
      "boostIntensity": 2.401960849761963,
      "color": {
        "mode": 0,
        "rainbowHue": 0.0,
        "rainbowRange": 360.0,
        "rainbowSat": 1.0,
        "rainbowVal": 1.0,
        "solid": {
          "a": 255,
          "b": 255,
          "g": 255,
          "r": 255
        }
      },
      "debugOverlay": false,
      "decayHalfLife": 0.10000000149011612,
      "depositAmount": 0.4013725221157074,
      "diffusionScale": 4,
      "enabled": true,
      "sensorAngle": 0.49254903197288513,
      "sensorDistance": 100.0,
      "stepSize": 15.770588874816895,
      "turningAngle": 0.5541176795959473
    },
    "rotationLFO": {
      "enabled": false,
      "rate": 0.10000000149011612,
      "waveform": 0
    },
    "voronoiEdgeWidth": 0.10000000149011612,
    "voronoiIntensity": 0.09803921729326248,
    "voronoiScale": 5.0,
    "voronoiSpeed": 0.10000000149011612,
    "warpLacunarity": 3.0,
    "warpOctaves": 5,
    "warpScale": 2.4901962280273438,
    "warpSpeed": 0.10000000149011612,
    "warpStrength": 0.0024509804788976908
  },
  "name": "WHITEOUT",
  "spectrum": {
    "barHeight": 0.25,
    "barWidth": 0.800000011920929,
    "color": {
      "mode": 0,
      "rainbowHue": 0.0,
      "rainbowRange": 360.0,
      "rainbowSat": 1.0,
      "rainbowVal": 1.0,
      "solid": {
        "a": 255,
        "b": 255,
        "g": 255,
        "r": 255
      }
    },
    "enabled": false,
    "innerRadius": 0.15000000596046448,
    "maxDb": 50.0,
    "minDb": 10.0,
    "rotationOffset": 0.0,
    "rotationSpeed": 0.0,
    "smoothing": 0.800000011920929
  },
  "waveformCount": 1,
  "waveforms": [
    {
      "amplitudeScale": 0.5,
      "color": {
        "mode": 0,
        "rainbowHue": 0.0,
        "rainbowRange": 360.0,
        "rainbowSat": 1.0,
        "rainbowVal": 1.0,
        "solid": {
          "a": 255,
          "b": 255,
          "g": 255,
          "r": 255
        }
      },
      "radius": 0.44999998807907104,
      "rotationOffset": 0.0,
      "rotationSpeed": 0.0,
      "smoothness": 9.803921699523926,
      "thickness": 5
    }
  ]
}