{
  "audio": {
    "channelMode": 3
  },
  "bands": {
    "bassSensitivity": 1.0,
    "midSensitivity": 1.0,
    "trebSensitivity": 1.0
  },
  "effects": {
    "baseBlurScale": 4,
    "beatBlurScale": 5,
    "chromaticMaxOffset": 50,
    "feedbackDesaturate": 0.07500000298023224,
    "feedbackRotation": 0.00019999999494757503,
    "feedbackZoom": 0.9950000047683716,
    "halfLife": 2.0,
    "kaleidoSegments": 1,
    "physarum": {
      "accumSenseBlend": 0.5,
      "agentCount": 1000000,
      "boostIntensity": 5.0,
      "color": {
        "gradientStopCount": 2,
        "gradientStops": [
          {
            "color": {
              "a": 255,
              "b": 255,
              "g": 255,
              "r": 0
            },
            "position": 0.0
          },
          {
            "color": {
              "a": 255,
              "b": 255,
              "g": 0,
              "r": 255
            },
            "position": 1.0
          }
        ],
        "mode": 0,
        "rainbowHue": 0.0,
        "rainbowRange": 360.0,
        "rainbowSat": 1.0,
        "rainbowVal": 1.0,
        "solid": {
          "a": 255,
          "b": 255,
          "g": 255,
          "r": 255
        }
      },
      "decayHalfLife": 0.10000000149011612,
      "depositAmount": 0.45899999141693115,
      "diffusionScale": 4,
      "enabled": true,
      "frequencyModulation": 10.0,
      "sensorAngle": 0.3799999952316284,
      "sensorBeatModulation": 1.8009999990463257,
      "sensorDistance": 62.4370002746582,
      "stepBeatModulation": 1.1579999923706055,
      "stepSize": 15.770588874816895,
      "turningAngle": 0.41999998688697815
    },
    "rotationLFO": {
      "enabled": false,
      "rate": 0.10000000149011612,
      "waveform": 0
    },
    "voronoiEdgeWidth": 0.10000000149011612,
    "voronoiIntensity": 0.09803921729326248,
    "voronoiScale": 5.0,
    "voronoiSpeed": 0.10000000149011612,
    "warpLacunarity": 3.0,
    "warpOctaves": 5,
    "warpScale": 2.4901962280273438,
    "warpSpeed": 0.10000000149011612,
    "warpStrength": 0.0024509804788976908
  },
  "name": "WHITEOUT",
  "spectrum": {
    "barHeight": 0.25,
    "barWidth": 0.800000011920929,
    "color": {
      "gradientStopCount": 2,
      "gradientStops": [
        {
          "color": {
            "a": 255,
            "b": 255,
            "g": 255,
            "r": 0
          },
          "position": 0.0
        },
        {
          "color": {
            "a": 255,
            "b": 255,
            "g": 0,
            "r": 255
          },
          "position": 1.0
        }
      ],
      "mode": 0,
      "rainbowHue": 0.0,
      "rainbowRange": 360.0,
      "rainbowSat": 1.0,
      "rainbowVal": 1.0,
      "solid": {
        "a": 255,
        "b": 255,
        "g": 255,
        "r": 255
      }
    },
    "enabled": false,
    "innerRadius": 0.15000000596046448,
    "maxDb": 50.0,
    "minDb": 10.0,
    "rotationOffset": 0.0,
    "rotationSpeed": 0.0,
    "smoothing": 0.800000011920929
  },
  "waveformCount": 1,
  "waveforms": [
    {
      "amplitudeScale": 0.5,
      "color": {
        "gradientStopCount": 5,
        "gradientStops": [
          {
            "color": {
              "a": 255,
              "b": 255,
              "g": 255,
              "r": 255
            },
            "position": 0.0
          },
          {
            "color": {
              "a": 0,
              "b": 255,
              "g": 255,
              "r": 255
            },
            "position": 0.26461538672447205
          },
          {
            "color": {
              "a": 255,
              "b": 255,
              "g": 255,
              "r": 255
            },
            "position": 0.4923076927661896
          },
          {
            "color": {
              "a": 0,
              "b": 255,
              "g": 255,
              "r": 255
            },
            "position": 0.7599999904632568
          },
          {
            "color": {
              "a": 255,
              "b": 255,
              "g": 255,
              "r": 255
            },
            "position": 1.0
          }
        ],
        "mode": 0,
        "rainbowHue": 0.0,
        "rainbowRange": 360.0,
        "rainbowSat": 1.0,
        "rainbowVal": 1.0,
        "solid": {
          "a": 255,
          "b": 255,
          "g": 255,
          "r": 255
        }
      },
      "radius": 0.44999998807907104,
      "rotationOffset": 0.0,
      "rotationSpeed": 0.0,
      "smoothness": 100.0,
      "thickness": 5
    }
  ]
}