{
  "audio": {
    "channelMode": 5
  },
  "bands": {
    "bassSensitivity": 0.5,
    "midSensitivity": 0.5,
    "trebSensitivity": 0.5
  },
  "effects": {
    "baseBlurScale": 4,
    "beatBlurScale": 5,
    "chromaticMaxOffset": 50,
    "feedbackDesaturate": 0.09803921729326248,
    "feedbackRotation": 0.0015686274273321033,
    "feedbackZoom": 0.9931372404098511,
    "halfLife": 2.0,
    "kaleidoSegments": 12,
    "physarum": {
      "accumSenseBlend": 1.0,
      "agentCount": 1000000,
      "boostIntensity": 2.0,
      "color": {
        "mode": 1,
        "rainbowHue": 0.0,
        "rainbowRange": 360.0,
        "rainbowSat": 1.0,
        "rainbowVal": 1.0,
        "solid": {
          "a": 255,
          "b": 255,
          "g": 255,
          "r": 255
        }
      },
      "debugOverlay": false,
      "decayHalfLife": 0.10000000149011612,
      "depositAmount": 0.49921566247940063,
      "diffusionScale": 4,
      "enabled": true,
      "sensorAngle": 1.0466667413711548,
      "sensorDistance": 20.41176414489746,
      "stepSize": 11.85294246673584,
      "turningAngle": 1.1082353591918945
    },
    "rotationLFO": {
      "enabled": false,
      "rate": 1.0,
      "waveform": 0
    },
    "voronoiEdgeWidth": 0.10000000149011612,
    "voronoiIntensity": 0.19607843458652496,
    "voronoiScale": 5.0,
    "voronoiSpeed": 1.0313725471496582
  },
  "name": "WINNY",
  "spectrum": {
    "barHeight": 0.25,
    "barWidth": 0.800000011920929,
    "color": {
      "mode": 0,
      "rainbowHue": 0.0,
      "rainbowRange": 360.0,
      "rainbowSat": 1.0,
      "rainbowVal": 1.0,
      "solid": {
        "a": 255,
        "b": 255,
        "g": 255,
        "r": 255
      }
    },
    "enabled": false,
    "innerRadius": 0.15000000596046448,
    "maxDb": 50.0,
    "minDb": 10.0,
    "rotationOffset": 0.0,
    "rotationSpeed": 0.0,
    "smoothing": 0.800000011920929
  },
  "waveformCount": 1,
  "waveforms": [
    {
      "amplitudeScale": 0.5,
      "color": {
        "mode": 1,
        "rainbowHue": 0.0,
        "rainbowRange": 360.0,
        "rainbowSat": 1.0,
        "rainbowVal": 1.0,
        "solid": {
          "a": 255,
          "b": 255,
          "g": 255,
          "r": 255
        }
      },
      "radius": 0.3441176414489746,
      "rotationOffset": 0.0,
      "rotationSpeed": 0.05000000074505806,
      "smoothness": 10.784314155578613,
      "thickness": 10
    }
  ]
}