{
  "audio": {
    "channelMode": 5
  },
  "drawableCount": 4,
  "drawables": [
    {
      "base": {
        "color": {
          "mode": 0,
          "solid": {
            "a": 255,
            "b": 13,
            "g": 115,
            "r": 255
          }
        },
        "drawInterval": 0,
        "enabled": true,
        "opacity": 0.8999999761581421,
        "rotationAngle": 0.7853981256484985,
        "rotationSpeed": 0.0,
        "x": 1.0,
        "y": 0.5
      },
      "id": 2,
      "path": 1,
      "shape": {
        "aspectLocked": true,
        "height": 1.4299999475479126,
        "sides": 4,
        "texAngle": -0.01745329238474369,
        "texBrightness": 0.9950000047683716,
        "texZoom": 0.949999988079071,
        "textured": true,
        "width": 1.4299962520599365
      },
      "type": 2
    },
    {
      "base": {
        "color": {
          "mode": 0,
          "solid": {
            "a": 255,
            "b": 13,
            "g": 115,
            "r": 255
          }
        },
        "drawInterval": 0,
        "enabled": true,
        "opacity": 0.8999999761581421,
        "rotationAngle": 0.7853981256484985,
        "rotationSpeed": 0.0,
        "x": 0.0,
        "y": 0.5
      },
      "id": 4,
      "path": 1,
      "shape": {
        "aspectLocked": true,
        "height": 1.4299999475479126,
        "sides": 4,
        "texAngle": 0.01745329238474369,
        "texBrightness": 0.9950000047683716,
        "texZoom": 1.0499999523162842,
        "textured": true,
        "width": 1.4300001859664917
      },
      "type": 2
    },
    {
      "base": {
        "color": {
          "mode": 0,
          "solid": {
            "a": 255,
            "b": 255,
            "g": 255,
            "r": 255
          }
        },
        "drawInterval": 2,
        "enabled": true,
        "opacity": 1.0,
        "rotationAngle": 0.0,
        "rotationSpeed": 0.0,
        "x": 0.5,
        "y": 0.5
      },
      "id": 1,
      "path": 0,
      "type": 0,
      "waveform": {
        "amplitudeScale": 0.5,
        "radius": 0.25,
        "smoothness": 100.0,
        "thickness": 5
      }
    },
    {
      "base": {
        "color": {
          "mode": 1,
          "rainbowHue": 0.0,
          "rainbowRange": 360.0,
          "rainbowSat": 1.0,
          "rainbowVal": 1.0
        },
        "drawInterval": 4,
        "enabled": true,
        "opacity": 1.0,
        "rotationAngle": 0.0,
        "rotationSpeed": 0.001745329238474369,
        "x": 0.5,
        "y": 0.5
      },
      "id": 3,
      "path": 0,
      "type": 0,
      "waveform": {
        "amplitudeScale": 0.5,
        "radius": 0.25,
        "smoothness": 100.0,
        "thickness": 5
      }
    }
  ],
  "effects": {
    "blurScale": 10.0,
    "chromaticOffset": 0.0,
    "clarity": 0.0,
    "feedbackDesaturate": 0.05000000074505806,
    "feedbackFlow": {
      "flowAngle": 0.0,
      "scale": 5.0,
      "strength": 20.0,
      "threshold": 0.0
    },
    "flowField": {
      "cx": 0.5,
      "cy": 0.5,
      "dxAngular": 0.0,
      "dxAngularFreq": 2,
      "dxBase": 0.0,
      "dxRadial": 0.0,
      "dyAngular": 0.0,
      "dyAngularFreq": 2,
      "dyBase": 0.0,
      "dyRadial": 0.0,
      "rotAngular": 0.0,
      "rotAngularFreq": 2,
      "rotationSpeed": 0.0,
      "rotationSpeedRadial": 0.0,
      "sx": 0.9950000047683716,
      "sy": 1.0099999904632568,
      "zoomAngular": 0.0,
      "zoomAngularFreq": 2,
      "zoomBase": 0.8999999761581421,
      "zoomRadial": 0.019999999552965164
    },
    "gamma": 1.0,
    "halfLife": 2.0,
    "proceduralWarp": {
      "warp": 0.25,
      "warpScale": 100.0,
      "warpSpeed": 1.0
    },
    "transformOrder": [
      1,
      9,
      10,
      11,
      17,
      18,
      19,
      20,
      22,
      12,
      21,
      26,
      28,
      29,
      27,
      0,
      7,
      25,
      16,
      5,
      15,
      4,
      13,
      6,
      3,
      2,
      14,
      23,
      24,
      31,
      30,
      8
    ]
  },
  "lfos": [
    {
      "enabled": false,
      "rate": 0.10000000149011612,
      "waveform": 0
    },
    {
      "enabled": false,
      "rate": 0.10000000149011612,
      "waveform": 0
    },
    {
      "enabled": false,
      "rate": 0.10000000149011612,
      "waveform": 0
    },
    {
      "enabled": false,
      "rate": 0.10000000149011612,
      "waveform": 0
    },
    {
      "enabled": false,
      "rate": 0.10000000149011612,
      "waveform": 0
    },
    {
      "enabled": false,
      "rate": 0.10000000149011612,
      "waveform": 0
    },
    {
      "enabled": false,
      "rate": 0.10000000149011612,
      "waveform": 0
    },
    {
      "enabled": false,
      "rate": 0.10000000149011612,
      "waveform": 0
    }
  ],
  "modulation": {
    "routes": [
      {
        "amount": 0.20000000298023224,
        "curve": 0,
        "paramId": "effects.chromaticOffset",
        "source": 3
      }
    ]
  },
  "name": "YUPP"
}